SKU,Nombre actual,Categoria,Precio regular,Precio activo,Descripcion comercial (Oferta irresistible),Beneficio principal,Caracteristicas / ficha tecnica,Tipo de producto,Estado,Notas,,,,,,
,,,,,,,,,,,,,,,,
dp-strapon,DILDO STRAP ON,DILDOS,400,400,Penetración firme y realista desde el primer contacto. Diseño anatómico que estimula con control total. Perfecto para juegos intensos y sesiones prolongadas.,Control total del ritmo,Material: Thermoplastic Elastomer. Tamaño: 23.5 x 3.5 cm.,DILDOS,Activo,,,,,,, 
dp-arnesh,ARNES CON DILDO,DILDOS,650,650,Extensión realista que intensifica cada movimiento. Incluye estimulador de clítoris con vibración removible para mayor control. Diseñada para placer compartido en juegos vaginales o anales.,Placer doble con control vibratorio,Material: TPE + Polyester. Dildo hueco. 1 vibración. Incluye 3 baterías AG13. Medidas: Dildo 18.5 x 4.1 cm.,DILDOS,Activo,,,,,,,
dp-34cm,DOBLE CABEZA,DILDOS,250,250,Doble penetración continua para placer sincronizado. Diseño largo y flexible que se adapta a cada movimiento. Ideal para juegos intensos en pareja sin interrupciones.,Placer doble y simultáneo,"Dildo de doble cabeza. 34 cm por 2 cm. Flexible, suave, resistente al agua y no tóxico. Varios colores.",DILDOS,Activo,,,,,,,
dp-transparente18,DILDO TRANSPARENTE,DILDOS,250,250,"Penetración firme y transparente que intensifica cada movimiento, diseño realista con ventosa para control total, compatible con arnés para juegos intensos y continuos.",Penetración firme con control total,Medidas: 5.5 cm  x 18 cm. Material: Thermoplastic Elastomer. Color sujeto a disponibilidad.,DILDOS,Activo,,,,,,,
dp-mrbig,DILDO MR. BIG NATURAL,DILDOS,650,650,"Penetración gruesa y potente que llena cada movimiento, diseño firme que intensifica la sensación, ideal para sesiones intensas en solitario o en pareja.",Sensación de plenitud intensa,"Copa de succión compatible con arnés. Color: natural. Medidas: 22.5 cm largo, 5 cm ancho, 17 cm insertable.",DILDOS,Activo,,,,,,,
dp-bicolor,DILDO BICOLOR,DILDOS,380,380,"Penetración directa y juguetona con diseño bicolor sin testículos, base con ventosa para control total, ideal para usar con arnés o fijarlo y disfrutar sin límites.",Control firme y versátil,"Base con ventosa compatible con arnés, material rígido y resistente, tamaño total 20 × 3.5 cm, uso vaginal o anal, fácil de limpiar.",DILDOS,Activo,,,,,,,
dp-cristal3,DILDO JUMBO DE CRISTAL,DILDOS,750,350,"Estimulación firme y precisa en vidrio artesanal que intensifica cada curva, diseño con relieves y bulbo para doble sensación profunda.",Doble estimulación intensa y controlada, Resistente a temperaturas. Texturizado. Incluye bolsita para guardarlo. Medidas: 18 cm largo x 4 cm ancho.,DILDOS,Activo,,,,,,,
dp-jelly,DILDO 21 CM JELLY,DILDOS,370,370,"Sensación ultrasuave tipo piel que se adapta a cada movimiento, diseño ergonómico con cabeza flexible para estimulación precisa, ideal para placer cómodo y controlado incluso bajo el agua.",Estimulación suave y precisa,Material: TPE + ABS / TPE. Medida: 21 cm x 4.5 cm. Color sujeto a existencia.,DILDOS,Activo,,,,,,,
dp-fluorecente,DILDO FLUORESCENTE,DILDOS,380,380,"Estimulación luminosa y precisa que despierta cada zona, diseño flexible con rayas fluorescentes para sensaciones intensas, ideal para placer vaginal, anal o en pareja con control total.",Estimulación versátil y controlada,Dildo arcoíris con efecto fluorescente. Tiene copa de succión. Compatible con arnés. Material suave. Medidas: 18 cm por 3. (No contiene químicos tóxicos).,DILDOS,Activo,,,,,,,
dp-venosonac,DILDO VENOSO,DILDOS,650,650,"Penetración gruesa y realista con relieve tipo venas para mayor sensación, diseño firme con ventosa que brinda control total, ideal para juegos intensos y uso con arnés.",Sensación realista y potente,"Suave, con agradable aroma, trae chupón para adherirse y es compatible con arnés. No tóxico. Medidas: 29 cm x 4 cm. Presentación bolsa. ",DILDOS,Activo,,,,,,,
dp-lancer26,DILDO CON BASE 26,DILDOS,650,650,"Penetración realista con ventosa de sujeción firme para control total, diseño resistente al agua compatible con arnés, ideal para disfrutar a solas o en pareja sin interrupciones.",Control firme y realista," Material PVC o TPE. Dimensiones: 26 cm de largo x 4,2 cm de diámetro.",DILDOS,Activo,,,,,,,
dp-dobleplacer,DOBLE PLACER,DILDOS,450,450,"Doble penetración realista con base de succión para manos libres, diseño flexible y suave que estimula con control total, ideal para juegos anales o vaginales en cualquier superficie.",Doble estimulación con manos libres,Base de succión. Color sujeto a existencia. Tamaño: 18.5 cm * 3.5 cm aprox.,DILDOS,Activo,,,,,,,
,,,,,,,,,,,,,,,,
,,,,,,,,,,,,,,,,
,,,,,,,,,,,,,,,,
ja-gema,PLUG METÁLICO CON GEMA CHICO,JUGUETES ANALES,250,250,"Estimulación anal elegante y progresiva con diseño metálico liso, cuentas de cristal para sensaciones precisas, ideal para entrenar y disfrutar con control total desde el primer uso.",Entrenamiento anal progresivo y preciso,Material: metal grado quirúrgico. Medidas: 7.0 cm x 2.3 cm. Color de gema transparente.,JUGUETES ANALES,Activo,,,,,,,
ja-kitty,PLUG ANAL KITTY MEDIANO,JUGUETES ANALES,400,400,"Estimulación anal elegante y segura con diseño tipo joya en metal sólido, tamaño compacto para inserción cómoda y controlada, ideal para principiantes o juegos discretos en solitario o pareja.",Estimulación anal elegante y segura,"Material: metal grado quirúrgico. Altura total 98 mm (3.85”), diámetro máximo 41 mm (1.61”), diámetro de la base 33 mm (1.29”), tamaño de la gema 31 mm (1.22”), peso 145.6 g (5.13 oz).",JUGUETES ANALES,Activo,,,,,,,
ja-corazonch,PLUG ANAL DE CORAZON CHICO,JUGUETES ANALES,300,300,"Estimulación anal elegante con diseño en forma de corazón, acero inoxidable pulido para sensaciones firmes y precisas, ideal para juegos discretos y placer controlado.",Estimulación firme y sofisticada,"Altura 6.8 cm, diámetro de la base 2.7 cm, peso 62 g (tamaño chico).",JUGUETES ANALES,Activo,,,,,,,
ja-conejo,PLUG METÁLICO CON COLA TIPO CONEJO,JUGUETES ANALES,300,300,"Estimulación anal elegante con plug de acero inoxidable y cola de conejo suave, diseño firme y seguro con base acampanada, ideal para juegos discretos y controlados con un toque provocador.",Estimulación firme con toque sensual,"Diámetro de la cola 8 cm, longitud visible del plug 7 cm, diámetro máximo del plug 2.8 cm.",JUGUETES ANALES,Activo,,,,,,,
ja-textura,BOLAS ANALES CON TEXTURA,JUGUETES ANALES,300,250,"Estimulación anal suave y progresiva con cuentas flexibles y diseño ergonómico, ideal para masaje del punto G y juegos unisex con control cómodo y placentero.",Estimulación progresiva y controlada,Bolas anales de silicón. Medidas: 153 * 18 * 26 mm.,JUGUETES ANALES,Activo,,,,,,,
ja-analrecargable,ANAL RECARGABLE,JUGUETES ANALES,550,550,"Un estimulador de próstata anal, un hermoso tapón anal con vibración y control remoto, un juguete íntimo diseñado para hombres y mujeres.",Masajeador prostático y estimulación por control remoto,"Masajear eficazmente la glándula prostática y brindar un placer increíble. 10 vibration modes. Ancho máximo 3.2 cm, altura total 10 cm, ancho de la base 6.2 cm.",JUGUETES ANALES,Activo,,,,,,,
ja-zorro,PLUG ANAL CON COLITA,JUGUETES ANALES,350,350,"Estimulación anal firme y elegante con plug de acero inoxidable y cola de zorro sintética, diseño seguro y provocador para juegos intensos con control total y presencia visual impactante.",Estimulación firme con efecto visual provocador,"Plug metálico mediano. Colores según existencias. Medidas: largo total 47 cm, longitud del plug 6.8 cm, diámetro máximo del plug 2.5 cm",JUGUETES ANALES,Activo,,,,,,,
ja-silicon,PLUG ANAL SILICON,JUGUETES ANALES,280,280,"Estimulación anal suave y discreta con diseño compacto de silicona, gema decorativa para un toque visual elegante, ideal para iniciarte o disfrutar sesiones cómodas y controladas.",Inicio anal cómodo y discreto,Plug de silicón liso con base de piedra de fantasía en colores. 2.8 cm por 7.3 cm. PD: Presentación en bolsa.,JUGUETES ANALES,Activo,,,,,,,
ja-rosario,ROSARIO ANAL,JUGUETES ANALES,250,250,"Estimulación anal progresiva con bolitas flexibles de silicona, diseño gradual y cómodo con lazo de extracción para control total, ideal para principiantes o sesiones seguras y placenteras.",Entrenamiento anal progresivo y cómodo,ANILLO PARA RETIRAR FÁCILMENTE. MEDIDA: 26 a 28 cm LARGO.,JUGUETES ANALES,Activo,,,,,,,
ja-miniplug,MINI PLUG ANAL ROSA,JUGUETES ANALES,220,220,"Estimulación anal cómoda y progresiva con diseño flexible y cónico, ventosa firme para control total, ideal para iniciarte y disfrutar sesiones seguras y placenteras.",Inicio anal cómodo y controlado,Libre de ftalatos. Color: Rosa. Medidas: 10 cm largo. 1.5 cm ancho inicial. 2.5 cm.,JUGUETES ANALES,Activo,,,,,,,
ja-prostata,PLUG PROSTATA CON VIBRACION,JUGUETES ANALES,350,350,"Vibrador de próstata con diseño curvo y cuentas anales que estimulan de forma precisa, vibración potente y silenciosa para placer profundo y controlado, ideal para juegos intensos en solitario.",Estimulación prostática profunda,"Altura total 10.2 cm, longitud insertable curva 12 cm, diámetro máximo del cuerpo 3.3 cm, diámetros de cuentas 2 cm y 1.8 cm, peso 65.8 g.",JUGUETES ANALES,Activo,,,,,,,
,,,,,,,,,,,,,,,,
,,,,,,,,,,,,,,,,
,,,,,,,,,,,,,,,,
vv-siliconat,VIBRADOR DE SILICONA CON TESTÍCULOS,VIBRADORES,450,450,Material: Silicona. Vibrador con testículos. Medidas: 20 cm de largo x 3.5 cm de ancho. Requerimientos: Usa 2 pilas AA.,,,VIBRADORES,Activo,,,,,,,
vv-fundadedal,FUNDA DEDAL CON BALA VIB,VIBRADORES,400,400,Material: Elastómero flexible. Funda dedal con bala vibradora de pila (incluida). Producto reutilizable y texturizado para mayor estimulación.,,,VIBRADORES,Activo,,,,,,,
vv-amanraya,VIBRADOR AMANRAYA,VIBRADORES,650,650,Material: ABS + Silicona. 10 Frecuencias. Batería recargable USB. Resistente al agua. Tamaño del producto: 93 * 116 mm. Control inalámbrico.,,,VIBRADORES,Activo,,,,,,,
vv-dolphin,VIBRADOR DOLPHIN,VIBRADORES,380,380,Material: Silicon + ABS. 10 frecuencias. Resistente al agua IPX7. Batería recargable. Medidas: 17 x 3.5 cm.,,,VIBRADORES,Activo,,,,,,,
vv-aquarius,VIBRADOR AQUARIUS,VIBRADORES,380,380,Material: Silicon + ABS. 10 frecuencias. Resistente al agua IPX7. Batería recargable. Medidas: 16.5 x 3.5 cm.,,,VIBRADORES,Activo,,,,,,,
vv-huevo01,VIBRADOR TIPO HUEVO,VIBRADORES,220,220,Material: Grado quirúrgico. Alambrico aprox 1.5 m. Utiliza 2 pilas AA (no incluidas). Se recomienda el uso de lubricante.,,,VIBRADORES,Activo,,,,,,,
vv-negro,VIBRADOR ANAL/VAGINAL,VIBRADORES,350,350,Presentación: Bolsa. Triple estimulador. Una sola velocidad. Requerimientos: Usa pilas. Color sujeto a existencia.,,,VIBRADORES,Activo,,,,,,,
vv-anal,VIBRADOR ANAL/VAGINAL,VIBRADORES,350,350,Material: Jelly. Vibrador de diferentes modos de frecuencia. Requerimientos: Usa 2 pilas. Color sujeto a inventario.,,,VIBRADORES,Activo,,,,,,,
vv-dual1,VIBRADOR DUAL PILA,VIBRADORES,500,500,Material: silicón. 10 modos de vibración. Requerimientos: 2 pilas AAA (NO INCLUIDAS). Se recomienda uso de lubricante. Color de acuerdo a existencia.,,,VIBRADORES,Activo,,,,,,,
vv-delfin,VIBRADOR DELFIN,VIBRADORES,300,300,Material: ABS de alta calidad. Buena potencia de vibración. Medidas: 125 x 55 mm. Fuente: una pila AA (resistencia 3 horas). Color de acuerdo a existencia.,,,VIBRADORES,Activo,,,,,,,
vv-inalambrico,VIBRADOR COLA DE SIRENA,VIBRADORES,650,650,Material: Silicona. Tipo: Punto G. 10 modos de vibración. Recargable. Medidas: Largo 16 cm x Diámetro 3 cm. Color sujeto a inventario.,,,VIBRADORES,Activo,,,,,,,
vv-funda,VIBRADOR CON 4 FUNDAS,VIBRADORES,250,250,Presentación: Bolsa. Incluye vibrador con 4 fundas compatibles con cualquier modelo. 1 sola velocidad. Requerimientos: Usa pilas (no incluidas). Color sujeto a existencia.,,,VIBRADORES,Activo,,,,,,,
vv-pinzas,VIBRADOR PINZAS,VIBRADORES,400,400,Material: Materiales seguros. Diseño ergonómico en forma de pinza con textura interna. Fácil de limpiar y transportar.,,,VIBRADORES,Activo,,,,,,,
vv-brocha,VIBRADOR TIPO BROCHA,VIBRADORES,200,200,Material: Cerdas suaves y mango rígido. 1 Vibración. Diseño discreto. Requerimientos: Usa pila AAA.,,,VIBRADORES,Activo,,,,,,,
vv-martillo,VIBRADOR MARTILLO,VIBRADORES,650,650,Material: Silicona. 3 modos de vibración. Recargable. Color sujeto a existencia.,,,VIBRADORES,Activo,,,,,,,
vv-lala,VIBRADOR LALA,VIBRADORES,400,400,Material: Silicona + ABS. 10 frecuencias. Batería recargable USB. Resistente al agua. Tamaño: 11 * 3.7 cm.,,,VIBRADORES,Activo,,,,,,,
vv-chuck,VIBRADOR CHUCK,VIBRADORES,550,550,Material: Suave. Vibrador con velocidad ajustable (12 frecuencias). Resistente al agua y soporte de succión. Medida: 9.8 pulgadas. Color sujeto a existencias.,,,VIBRADORES,Activo,,,,,,,
vv-fundaliso,VIBRADOR FUNDA LISO,VIBRADORES,380,380,Material: Gel texturizado. Velocidad gradual y resistente al agua. Medidas: 17.7 cm x 3.2 cm. Alimentación: 2 pilas AAA.,,,VIBRADORES,Activo,,,,,,,
vv-lure85,VIBRADOR LURE 8.5,VIBRADORES,450,450,Velocidad gradual en la base. Tamaño del producto: 20.7 x 3.5 cm. Alimentación: 2 baterías AA.,,,VIBRADORES,Activo,,,,,,,
vv-balausb,BALA VIBRADORA RECARGABLE,VIBRADORES,550,550,"Material: Silicona médica segura y respetuosa con el medio ambiente. Suave, inodora y fácil de limpiar. Carga USB compatible con banco de energía, computadora o enchufe.",,,VIBRADORES,Activo,,,,,,,
vv-balac,BALA VIBRADORA EN FORMA DE CONEJO,VIBRADORES,250,250,Material: Tipo gel grado quirúrgico. Ideal para estimular zonas erógenas. Requerimientos: Utiliza 2 pilas AA (no incluidas). Se recomienda el uso de lubricante. Color sujeto a disponibilidad.,,,VIBRADORES,Activo,,,,,,,
vv-app,VIBRADOR CON APLICACIÓN PARA IOS,VIBRADORES,850,850,Material: Silicona médica + ABS. Función: 10 modos. APP control bluetooth únicamente para IOS. Dimensión: 90 x 35 mm. Color de acuerdo a inventario.,,,VIBRADORES,Activo,,,,,,,
vv-conejo,POCKET PARTY,VIBRADORES,350,350,Material: ABS. Libre de ftalatos y resistente al agua. Medidas: Masajeador 9.5 x 2.5 cm / Manga 9 x 3.25 cm. Requerimientos: Utiliza 1 pila AA (no incluida).,,,VIBRADORES,Activo,,,,,,,
vv-dual2,VIBRADOR DUAL,VIBRADORES,950,950,Material: Silicona. 10 modos de vibración. Carga magnética (duración aprox. 60 min). Estimulación anal y vaginal. Se recomienda el uso de lubricante.,,,VIBRADORES,Activo,,,,,,,
vv-pinzaspezon,PINZAS PARA PEZONES CON VIBRACIÓN,VIBRADORES,320,320,"Material: ABS. Pinzas para pezones con vibración y clips elásticos. Control rotatorio y botón de encendido/apagado. Medidas: Bala 2.5 cm, Clip 5.5 cm, Control 9 x 3 cm.",,,VIBRADORES,Activo,,,,,,,
,,,,,,,,,,,,,,,,
,,,,,,,,,,,,,,,,
,,,,,,,,,,,,,,,,
lc-siyinat,LUBRICANT NATURAL SIYI,LUBRICANTES Y CREMAS,200,200,Lubricante íntimo natural soluble al agua. Inodoro y de textura suave. Contenido: 50 gramos.,,,LUBRICANTES Y CREMAS,Activo,,,,,,,
lc-touchan,TOUCH ANALGESICO,LUBRICANTES Y CREMAS,250,250,"Proporciona alivio analgésico reduciendo el dolor por frotamiento y suaviza la piel. Lubricante anal y vaginal compatible con preservativos y juguetes sexuales. Presentación de 100ml, no mancha.",,,LUBRICANTES Y CREMAS,Activo,,,,,,,
lc-anasp,LUBRICANTE ANALGESICO DE SABOR PLATANO,LUBRICANTES Y CREMAS,200,200,"Efectos: Alivia el dolor, mejora elasticidad y mejora lubricación. Contenido: 30 ml. Zonas de aplicación: Ano, Pene, Vagina. Base agua.",,,LUBRICANTES Y CREMAS,Activo,,,,,,,
lc-analfresa,LUBRICANTE ANALGESICO DE FRESAS,LUBRICANTES Y CREMAS,200,200,"Sabor Fresas con crema de la marca Silk Touch. Efectos: Alivia el dolor, mejora la elasticidad y la lubricación. Volumen de la unidad: 50 ml. Zonas de aplicación: Ano, Pene, Vagina. Base agua.",,,LUBRICANTES Y CREMAS,Activo,,,,,,,
lc-analub,ANALUB,LUBRICANTES Y CREMAS,250,250,Lubricante anal en gel. Desensibilizador de fácil uso para más placer en pareja. Contenido: 15.44 ml / 15 grs.,,,LUBRICANTES Y CREMAS,Activo,,,,,,,
lc-estrechador,ESTRECHADOR VAGINAL TOUT TEMPS,LUBRICANTES Y CREMAS,220,220,Tipo gel que ayuda a contraer las paredes vaginales. Funciona como lubricante de base agua. Contenido: 30 ml.,,,LUBRICANTES Y CREMAS,Activo,,,,,,,
lc-sensitive,EROTIC SENSITIVE 15 ML,LUBRICANTES Y CREMAS,150,150,Gel estimulante femenino diseñado para ayudar a conseguir orgasmos múltiples y más intensos. Contenido: 15.64 ml.,,,LUBRICANTES Y CREMAS,Activo,,,,,,,
lc-pleasure,ID PLEASURE TUBO,LUBRICANTES Y CREMAS,150,150,Estimulante emocionante a base de agua con sensación de hormigueo. Ofrece una nueva capa de emoción a los momentos íntimos con una oleada de placer. Calidad ID Glide con estímulo añadido. Contenido: 12 ml.,,,LUBRICANTES Y CREMAS,Activo,,,,,,,
lc-aimani,GEL MULTIORGÁSMICO,LUBRICANTES Y CREMAS,200,200,"Gel diseñado para contribuir a encuentros sexuales placenteros y facilitar la obtención de orgasmos. Extractos naturales, sin irritación. Marca: Aimani. Contenido: 50 ml.",,,LUBRICANTES Y CREMAS,Activo,,,,,,,
lc-4en1,LUBRICANTES 4 EN 1,LUBRICANTES Y CREMAS,200,200,"Lubricante base agua multiusos ideal para masajes, comestible y con propiedades termogénicas. Sabores disponibles de acuerdo a existencia.",,,LUBRICANTES Y CREMAS,Activo,,,,,,,
lc-2en1,GEL LUBRICANTE 2 EN 1,LUBRICANTES Y CREMAS,150,150,Lubricación de alas de seda utilizando materias primas importadas para una mayor lubricación.,,,LUBRICANTES Y CREMAS,Activo,,,,,,,
lc-feromonasel,FEROMONAS PARA ÉL,LUBRICANTES Y CREMAS,280,280,"Perfume con feromonas para él, diseñado para volverse irresistible con un agradable aroma para uso diario. Contenido: 60 ml.",,,LUBRICANTES Y CREMAS,Activo,,,,,,,
lc-feromonasella,FEROMONAS PARA ELLA,LUBRICANTES Y CREMAS,280,280,"Perfume con feromonas para ella, diseñado para volverse irresistible. Aroma agradable para uso diario. Contenido: 60 ml.",,,LUBRICANTES Y CREMAS,Activo,,,,,,,
lc-kiss,SEXO ORAL CALOR Y FRÍO,LUBRICANTES Y CREMAS,0,0,Producto diseñado para sensaciones térmicas durante el sexo oral. Ofrece métodos de uso que combinan efectos de frío y calor para intensificar el placer. Contenido: 10 ml c/u.,,,LUBRICANTES Y CREMAS,Activo,,,,,,,
lc-lubcannabis,HEMP TOUT TEMPS 30 ML,LUBRICANTES Y CREMAS,250,250,Aceite lubricante con cannabis. Contenido: 30 ml.,,,LUBRICANTES Y CREMAS,Activo,,,,,,,
lc-algodon,LUBRICANTE LOVE IS LOVE 20 ML,LUBRICANTES Y CREMAS,200,200,Lubricante pride comestible con sabor a algodón de azúcar. Contenido: 20 ml.,,,LUBRICANTES Y CREMAS,Activo,,,,,,,
lc-feel4en1,LUBRICANTE 4 EN 1 FEEL,LUBRICANTES Y CREMAS,220,220,"Producto 4 en 1: lubricante, para masaje, térmico y comestible. Sabor de acuerdo a existencia. Contenido: 30 ml.",,,LUBRICANTES Y CREMAS,Activo,,,,,,,
,,,,,,,,,,,,,,,,
,,,,,,,,,,,,,,,,
,,,,,,,,,,,,,,,,
af-collar,COLLAR,ARNES Y FETISH,150,150," Arnés fetiche diseñado para juegos de dominación y control, ideal para explorar fantasías en pareja con seguridad y actitud, pieza versátil para llevar el rol al siguiente nivel.",Mayor control y excitación en dinámicas fetiche,"Arnés fetiche para adultos, material sintético resistente y cómodo, diseño ajustable para hombres o mujeres, compatible con juegos BDSM y accesorios sexuales.",ARNES Y FETISH,Activo,,,,,,,
af-pinzas,PINZAS PARA PEZONES,ARNES Y FETISH,100,100," Pinzas para pezones de acabado premium que intensifican la sensibilidad y el juego erótico, diseño elegante para estimulación controlada, ideales para elevar la experiencia fetiche.",Estimulación intensa y controlada,"Pinzas para pezones para adultos, diseño premium de uso fetiche, una unidad, compatibles con juegos eróticos y BDSM ligero.",ARNES Y FETISH,Activo,,,,,,,
af-7pz,KIT BONDAGE 7 PZ ,ARNES Y FETISH,500,500,"Kit BDSM de 7 piezas con esposas, puños, mordaza, látigo, venda y cuerda que permite control total y juegos de dominación seguros, ideal para explorar fantasías y elevar la intensidad en pareja.","Control, sumisión y placer en un solo set","Kit bondage diseñado para juegos sexuales estilo BDSM. Incluye 7 piezas, entre ellas una mordaza ajustable con orificios para facilitar la respiración y una soga de bondage de algodón suave.",ARNES Y FETISH,Activo,,,,,,,
af-esposas,ESPOSAS PELUCHE,ARNES Y FETISH,200,200,Esposas con recubrimiento de peluche.,Sumisión aterciopelada , Incluye juego de llaves. Color de acuerdo a inventario. Presentación en bolsa.,ARNES Y FETISH,Activo,,,,,,,
af-kitnegro,KIT FETISH,ARNES Y FETISH,380,380,"Kit fetish acojinado con esposas, látigo y antifaz diseñado para juegos de control suaves pero intensos, ideal para iniciar o reforzar dinámicas BDSM con comodidad y estilo.",Dominio y estimulación con mayor confort,Kit de fetish que incluye látigo y antifaz. Ideal para complementar juegos de rol y experiencias sensoriales.,ARNES Y FETISH,Activo,,,,,,,
af-mordaza,MORDAZA PARA LA BOCA,ARNES Y FETISH,180,180,"Mordaza transpirable con bola de cristal hipoalergénico que intensifica el juego de control con elegancia, ajuste cómodo y seguro, diseño premium para experiencias fetiche sofisticadas.",Control y excitación con máximo confort,"Bola de cristal hipoalergénico de 4 cm de diámetro, correa de piel suave ajustable, acabado premium, dimensiones del producto 6.99 × 10.16 × 20.32 cm, peso aproximado 170 g.",ARNES Y FETISH,Activo,,,,,,,
,,,,,,,,,,,,,,,,
,,,,,,,,,,,,,,,,
,,,,,,,,,,,,,,,,
mb-bocalengua,MASTURBADOR BOCA LENGUA,MASTURBADORES Y BOMBAS,450,450,"Masturbador masculino de silicona ultra suave con diseño realista tipo boca y lengua, textura elástica que se adapta al tamaño para una estimulación intensa, envolvente y natural.",Estimulación oral realista y envolvente,"Modelo grande de 20 cm de largo, material silicona flexible y elástica.",MASTURBADORES,Activo,,,,,,,
mb-evenbiger,MASTURBADOR EVEN BIGER,MASTURBADORES Y BOMBAS,350,350,"Masturbador masculino realista de TPE ultra suave con textura flexible y envolvente, diseñado para una estimulación intensa y cómoda que se adapta a cada movimiento.",Estimulación realista y envolvente,Masturbador suave realístico fabricado en material TPE. Medidas: 80 mm x 80 mm x 160 mm. Peso: 230 g.,MASTURBADORES,Activo,,,,,,,
mb-bombamen,BOMBA DE VACIO MANUAL,MASTURBADORES Y BOMBAS,650,650,"Bomba de vacío para pene diseñada para estimular el flujo sanguíneo y potenciar la expansión temporal, sistema cómodo y seguro con cilindro amplio para sesiones controladas y progresivas.",Estimulación y expansión controlada,"Bomba de pene tipo vacío, material silicona + ABS + TPR, tamaño 70 × 220 mm, longitud del cilindro 8.6 × 2.75 pulgadas, peso 0.8 kg, incluye anillos de silicona M y L, uso para ampliación del pene.",MASTURBADORES,Activo,,,,,,,
mb-huevo,HUEVO MASTURBADOR TENGA,MASTURBADORES Y BOMBAS,200,200,"Masturbador Tenga Egg Spider con interior tipo telaraña y múltiples puntos de contacto, textura elástica y envolvente para una estimulación intensa y atrapante en cada uso.",Estimulación intensa con máximo contacto,"Masturbador masculino desechable y discreto, interior con textura tipo telaraña Spider de alta fricción, lubricación incluida, material elástico adaptable a todos los tamaños, medidas 6 × 4 × 4 cm.",MASTURBADORES,Activo,,,,,,,
mb-juanita,MASTURBADOR JUANITA,MASTURBADORES Y BOMBAS,250,250,"Masturbador para hombre tipo boca con sensación «Real Feel». Suave, flexible y texturizado por dentro para una mayor estimulación. Color latino. ",Estimulación realista y placentera ,Medidas: 14 cm Largo x 6 cm.,MASTURBADORES,Activo,,,,,,,
mb-bombagm,BOMBA MANUAL CON ACCESORIOS,MASTURBADORES Y BOMBAS,650,650,"Bomba de pene manual diseñada para sesiones de vacío controladas, incluye tres anillos de base para ajuste cómodo y mayor control, ideal para estimulación progresiva y uso seguro.",Estimulación y control personalizado,Fabricada en material PC + ABS. Incluye accesorios y cuenta con un tamaño de 18 * 5 cm.,MASTURBADORES,Activo,,,,,,,
,,,,,,,,,,,,,,,,
, ,,,,,,,,,,,,,,,
,,,,,,,,,,,,,,,,
fa-dragonvib,FUNDA DRAGON CON VIBRACIÓN,FUNDAS Y ANILLOS,450,450,"Funda vibradora extensora para pene con diseño tipo dragón que intensifica la estimulación, ayuda a retardar la eyaculación y potencia el placer en pareja con vibración y ajuste seguro.",Mayor duración y estimulación en pareja,"Funda vibradora extensora para pene, material TPE suave y elástico no tóxico, diseño con vibración y anillo testicular integrado, extensor hasta 9.6 cm, compatible con lubricante a base de agua.",FUNDAS Y ANILLOS,Activo,,,,,,,
fa-silicon3,ANILLO CON EXTENSIÓN,FUNDAS Y ANILLOS,200,200,"Herramienta de masaje 100% nueva. Material de calidad, suave, duradero y reutilizable después de su limpieza. Fabricado en silicón.",Erecciones más firmes y duraderas,"Anillo de pene doble para eje y escroto, silicona de grado alimenticio no porosa, libre de látex y ftalatos, ayuda a restringir suavemente el flujo sanguíneo para mayor firmeza y duración.",FUNDAS Y ANILLOS,Activo,,,,,,,
fa-silicon4,ANILLO EXTENSIÓN CON ESTIMULADOR ,FUNDAS Y ANILLOS,200,200,"Anillo para pene de silicona ajustable que potencia la erección y prolonga el rendimiento, diseño cómodo y reutilizable que intensifica el placer en pareja con ajuste seguro.",Erecciones más firmes y duraderas,"Anillo para pene reutilizable de silicona suave y elástica, diseño ajustable para distintas circunferencias, ayuda a mantener la erección al restringir suavemente el flujo sanguíneo.",FUNDAS Y ANILLOS,Activo,,,,,,,
fa-kitanillos,KIT DE ANILLOS 4 PZ,FUNDAS Y ANILLOS,250,250,"Set de anillos retardantes de silicona que brillan en la oscuridad, diseño estimulante para prolongar el rendimiento y elevar el placer en pareja con ajuste cómodo.",Mayor duración con estimulación divertida,"Set de 4 anillos para pene, material silicona suave, forma estrella, ajustables, sin vibración ni batería, formato pack, reutilizables, brillo en la oscuridad, uso para adultos.",FUNDAS Y ANILLOS,Activo,,,,,,,
fa-transparente,FUNDA TRANSPARENTE,FUNDAS Y ANILLOS,300,300,"Funda extensora vibratoria de silicona que ayuda a retardar la eyaculación y aumentar el grosor, diseño ergonómico con textura para estimular a la pareja y prolongar el placer.",Mayor duración y estimulación en pareja,"Funda extensora vibratoria para pene, material silicona segura para el cuerpo, ultra flexible y elástica, ayuda a reducir sensibilidad y retardar la eyaculación, textura con venas.",FUNDAS Y ANILLOS,Activo,,,,,,,
fa-mano,MANO TEXTURIZADA,FUNDAS Y ANILLOS,100,100,"Funda para mano diseñada para estimular zonas erógenas. Es unitalla, reutilizable, suave y cuenta con texturas prominentes para mayor sensación.",Estimulación sensorial suave e intensa,"Guante de masaje para mano derecha, material silicona no tóxica ultra suave, diseño hueco transpirable, elástico y reutilizable, fácil de limpiar y secar al aire, cómodo para baño y masajes.",FUNDAS Y ANILLOS,Activo,,,,,,,
fa-descubierta,FUNDA DESCUBIERTA,FUNDAS Y ANILLOS,250,250,Funda para pene diseñada para aumentar el grosor y la sensibilidad gracias a su textura interna. Este modelo mantiene la cabeza libre para conservar la sensibilidad natural.,Comodidad suave y versátil,"Accesorio con relleno de poliéster, dimensiones 10 cm, peso 0.2 kg, contenido del empaque 1 unidad.",FUNDAS Y ANILLOS,Activo,,,,,,,
fa-anillorecargable,ANILLO DE PENE CON VIBRACIÓN RETARDADOR DE EYACULACIÓN,FUNDAS Y ANILLOS,650,650,"Anillo de pene vibrante doble que aprieta y estimula al mismo tiempo, 10 modos de vibración para mayor control y placer prolongado, recargable e impermeable para usar sin límites.",Erecciones más firmes y mayor control de la eyaculación," Silicona flexible, doble anillo con motor de 10 vibraciones, carga magnética USB, resistente al agua, diámetros internos 32/47/62 mm, altura total 72 mm, grosor 8 mm.",FUNDAS Y ANILLOS,Activo,,,,,,,
fa-anillocontrol,ANILLO RECARGABLE CON CONTROL,FUNDAS Y ANILLOS,650,650," Vibrador con control remoto y anillos que estimula pene y clítoris al mismo tiempo, diseño curvo con textura que mantiene contacto durante la penetración, ideal para juegos discretos.",Estimulación simultánea,"Silicona líquida grado médico, vibrador con control remoto, recargable USB y resistente al agua, tamaño 4.5 × 8.5 × 11.5 cm, incluye anillo, control y cable de carga.",FUNDAS Y ANILLOS,Activo,,,,,,,
fa-silicon2,ANILLO SILICON DUAL,FUNDAS Y ANILLOS,180,180," Anillo doble de silicona que rodea pene y testículos para mayor presión y control, ayuda a retardar la eyaculación y mejorar la erección, más firmeza y placer compartido",Erecciones más duras,"Silicona flexible e inodora, diseño doble elástico con múltiples formas de uso, cómodo y reutilizable para sesiones prolongadas.",FUNDAS Y ANILLOS,Activo,,,,,,,
fa-condones,CONDON LATEX TEXTURIZADO,FUNDAS Y ANILLOS,120,120,Condón de látex texturizado diseñado para juegos sexuales y sensaciones intensas. ,Más placer y estimulación segura,Contenido: Caja con 2 condones lubricados. Modelos se envían al azar. Látex de alta calidad.,FUNDAS Y ANILLOS,Activo,,,,,,,
fa-desechable,ANILLO DESECHABLE,FUNDAS Y ANILLOS,150,150,"Anillo vibrador discreto con textura rugosa superior para estimular el clítoris y bolitas internas para placer masculino, vibración envolvente para ambos.",Estimulación simultánea,"Anillo elástico de silicona SEBS hipoalergénica, texturizado, libre de látex y ftalatos, batería integrada con duración aproximada de 30 minutos.",FUNDAS Y ANILLOS,Activo,,,,,,,
fa-estimuclitoris,EXTENSIÓN CON ESTIMULADOR DE CLÍTORIS,FUNDAS Y ANILLOS,700,700,"Anillo con estimulador y plug anal vibrante que activa el placer desde dos puntos, textura y vibración potente para sensaciones intensas, ideal para juegos en pareja.",Placer doble con vibración profunda,"Extensión fabricada en silicona con una longitud de 12,5 cm. Incluye un estimulador de clítoris integrado. Fuente de alimentación: 3 baterías LR44.",FUNDAS Y ANILLOS,Activo,,,,,,,
fa-contension,ANILLOS DE CONTENSION,FUNDAS Y ANILLOS,90,90,Anillos de estiramiento ideales para sostener la erección y prolongar la eyaculación. Ayudan a que el miembro permanezca más firme para un mejor rendimiento.,Erecciones más firmes y sexo más duradero,"Silicona de alta calidad segura para el cuerpo, elásticos y reutilizables, resistentes al agua y fáciles de limpiar, set en tres colores: negro, azul y transparente.",FUNDAS Y ANILLOS,Activo,,,,,,,
fa-vibrador,FUNDA CON VIBRADOR,FUNDAS Y ANILLOS,400,400,"Anillo fino vibrante multifrecuencia que ayuda a retardar la eyaculación y mantener la erección, discreto, silencioso e impermeable para usar sin límites.",Mayor control y duración con estimulación ajustable,Funda de silicona en color negro. Incluye una bala vibradora de una sola velocidad y pila.,FUNDAS Y ANILLOS,Activo,,,,,,,
fa-silicon,ANILLO DE SILICONA TIPO FUNDA,FUNDAS Y ANILLOS,200,200,"Funda de silicona suave y elástica, diseñada para ser inofensiva al contacto. ",Mayor placer y estimulo para tu pareja ,Es de color negro y tiene unas medidas aproximadas de 8.3 cm x 4.7 cm x 3.3 cm.,FUNDAS Y ANILLOS,Activo,,,,,,,
,,,,,,,,,,,,,,,,
,,,,,,,,,,,,,,,,
,,,,,,,,,,,,,,,,
vs-gold,RHINO GOLD,VIGORIZANTES SEXUALES,250,250,"Cápsulas Rhino 14K Gold diseñadas para impulsar energía y libido, apoyo efectivo para el rendimiento sexual, ideales para tomar antes del encuentro o como preparación regular.",Mayor energía y rendimiento sexual,"Suplemento vigorizante sexual en cápsula, apoyo para energía y libido, presentación 1 cápsula (1 ct), uso recomendado una hora antes de la actividad sexual, producto para adultos.",VIGORIZANTES SEXUALES,Activo,,,,,,,
vs-racingbull,RACING BULL,VIGORIZANTES SEXUALES,250,250,Potencializador sexual masculino contenido en una cápsula individual. El fabricante indica que su efecto tiene una duración de hasta 7 días.,Mayor firmeza y duración sexual,"Suplemento herbal en cápsula, mezcla propietaria, presentación 1 cápsula por bolsa. Uso exclusivo para adultos, apoyo para energía, firmeza, duración y longitud.",VIGORIZANTES SEXUALES,Activo,,,,,,,
vs-bombay,BOMBAY ROYAL HONEY,VIGORIZANTES SEXUALES,250,250,Suplemento creado con miel pura e ingredientes naturales diseñado para fortalecer la energía sexual e intensificar el deseo. Promueve sensaciones más intensas y una mayor satisfacción general.,"Mayor energía, firmeza y control sexual","Vigorizante sexual natural en presentación 15 g, fórmula con miel pura 98%, Panax Ginseng 1% y Eurycoma longifolia 1%, apoyo para libido, energía, firmeza y duración.",VIGORIZANTES SEXUALES,Activo,,,,,,,
vs-rhinoc,RHINO 7,VIGORIZANTES SEXUALES,350,350,"Suplemento diseñado para maximizar el tiempo de la actividad sexual y el volumen de la eyaculación. Ayuda a evitar la eyaculación precoz, permite un mayor control y promueve una erección dura.",Energía y rendimiento prolongado,"Suplemento vigorizante masculino en cápsulas, presentación blíster con 2 cápsulas, dosis sugerida 1 cápsula, efecto prolongado hasta 24 horas.",VIGORIZANTES SEXUALES,Activo,,,,,,,
vs-ibizaw,IBIZA WOMAN,VIGORIZANTES SEXUALES,250,250,"Está diseñado para aumentar la excitación, despertar el apetito sexual, intensificar el orgasmo y restaurar el deseo sexual. Es un producto 100% natural sin efectos secundarios conocidos.",Mayor excitación y deseo sexual,"Vigorizante sexual femenino en cápsula, fórmula 100% natural, efecto en aproximadamente 30 minutos, compatible con alcohol, dosis máxima 1 cápsula al día, uso exclusivo para adultos.",VIGORIZANTES SEXUALES,Activo,,,,,,,
vs-sense,G SENSE,VIGORIZANTES SEXUALES,250,250,"G Sense potencia la excitación femenina y despierta el deseo sexual, acelera e intensifica el orgasmo con efecto rápido, ideal para disfrutar placer más intenso con confianza.",Orgasmos más intensos y rápidos,"Vigorizante sexual femenino de origen 100% natural, aumenta excitación y deseo, acelera el orgasmo, compatible con alcohol, sin efectos secundarios, toma recomendada 30 minutos antes.",VIGORIZANTES SEXUALES,Activo,,,,,,,
vs-dragon,DRAGON,VIGORIZANTES SEXUALES,250,250,"Dragon 69 es un vigorizante masculino en pastilla que impulsa energía y vitalidad, diseñado para mejorar el rendimiento con un efecto práctico y discreto, ideal para momentos clave.",Mayor energía y vitalidad masculina,"Vigorizante sexual masculino en pastilla, presentación 1 unidad (modelo 750 K), apoyo para rendimiento y confianza, uso sencillo y discreto, formulación efectiva para resultados óptimos.",VIGORIZANTES SEXUALES,Activo,,,,,,,
vs-rhino69,RHINO 69000,VIGORIZANTES SEXUALES,250,250,"Dragon 69 es un vigorizante masculino en pastilla que impulsa energía y desempeño, apoyo efectivo para mayor confianza y vitalidad en momentos clave, ideal para disfrutar encuentros con más intensidad.",Mayor energía y rendimiento masculino,"Vigorizante sexual masculino en pastilla, presentación 1 unidad, apoyo para energía y desempeño, uso sencillo y discreto, formulación diseñada para resultados efectivos.",VIGORIZANTES SEXUALES,Activo,,,,,,,
vs-burro,BURRO EN PRIMAVERA,VIGORIZANTES SEXUALES,250,250,"Cápsula Burro en Primavera diseñada para maximizar tiempo, tamaño y estamina, apoyo efectivo para erecciones firmes y sesiones prolongadas sin molestias.",Rendimiento prolongado sin dolor de cabeza,"Vigorizante sexual masculino en cápsula, efecto de hasta 14 días por dosis, apoyo para erección firme y control de eyaculación, dosis 1 cápsula una hora antes de la actividad sexual.",VIGORIZANTES SEXUALES,Activo,,,,,,,
vs-savage,SAVAGE BEST 5000,VIGORIZANTES SEXUALES,250,250,"Savage Beast 5000 es una cápsula vigorizante masculina diseñada para potenciar energía y desempeño, efecto prolongado de hasta una semana completa, ideal para mantener vitalidad.",Energía y rendimiento por 7 días,"Vigorizante sexual masculino en cápsula, presentación en blíster con 1 cápsula, efecto prolongado hasta 168 horas, apoyo para energía y desempeño, dosis recomendada 1 cápsula.",VIGORIZANTES SEXUALES,Activo,,,,,,,
,,,,,,,,,,,,,,,,
,,,,,,,,,,,,,,,,
,,,,,,,,,,,,,,,,
rs-indio,RETARDANTE EN SPAY INDIO,RETARDANTES SEXUALES,250,250,"Spray retardante de acción rápida que prolonga el control, fórmula base agua compatible con látex y piel sensible, ideal para disfrutar más tiempo sin perder sensación.",Mayor control sin perder sensibilidad,Retardante en spray con un contenido neto de 10 ml. Se recomienda rociar sobre el glande y el surco coronario 30 minutos antes de la relación sexual y distribuir uniformemente.,LUBRICANTES Y CREMAS,Activo,,,,,,,
rs-maxxx,RETARDANTE EN SPRAY MAXXX,RETARDANTES SEXUALES,200,200,Retardante en formato spray diseñado para ayudar con los problemas de eyaculación precoz. Se aclara que no es un medicamento.,Controla la eyaculación,"Presentación con despachador  de 15.4 ml, después de aplicarlo esperar 3 min para que haga efecto, para retirar el producto lava con agua y jabón.",LUBRICANTES Y CREMAS,Activo,,,,,,,
rs-sta,LUBRICANTE CREMA STA HARD,RETARDANTES SEXUALES,350,350,"Crema retardante con efecto desensibilizante que prolonga el control, fórmula con benzocaína al 5% para mayor duración, ideal para mantener el ritmo y disfrutar más tiempo con tu pareja.",Mayor control y duración,"Crema retardante desensibilizante para retrasar la eyaculación, contiene benzocaína 5%, aplicación tópica en pene erecto, efecto de mayor control y duración.",LUBRICANTES Y CREMAS,Activo,,,,,,,
